model	bleu_score	elapsed_time
Baseline_seed-42_size-700000	17.40240345700877	608.4425494670868
Baseline_seed-69_size-100000	16.515617014812943	595.4283847808838
facebook/mbart-large-50-one-to-many-mmt	14.936372723153058	560.6925401687622
