model,bleu_score,elapsed_time
facebook/mbart-large-50-one-to-many-mmt,5.4883160685921375,21.528852462768555
Baseline_seed-42_size-700000,5.4883160685921375,14.72883653640747
Baseline_seed-42_size-1000,5.4883160685921375,14.411320924758911
Baseline_seed-69_size-100000,5.4883160685921375,13.875192642211914
