model	bleu_score	elapsed_time
facebook/mbart-large-50-one-to-many-mmt	14.936372723153058	568.8583235740662
Baseline_seed-42_size-700000	14.936372723153058	563.0464217662811
Baseline_seed-42_size-1000	14.936372723153058	561.8904495239258
Baseline_seed-69_size-100000	14.936372723153058	562.0325915813446
