model	bleu_score	elapsed_time
facebook/mbart-large-50-one-to-many-mmt	23.33532336433395	188.5940752029419
Baseline_seed-42_size-700000	24.766420683976282	159.11971735954285
Baseline_seed-42_size-1000	24.007251502834098	160.11969304084778
Baseline_seed-69_size-100000	22.06204695537171	160.0096845626831
