model	bleu_score	elapsed_time
facebook/mbart-large-50-one-to-many-mmt	23.121926076067783	183.68478918075562
Baseline_seed-42_size-700000	22.381121154881328	161.42430996894836
Baseline_seed-42_size-1000	20.64467829745491	153.43276119232178
Baseline_seed-69_size-100000	21.88894720551181	151.3510603904724
