model	bleu_score	elapsed_time
Baseline_seed-42_size-700000	56.693630888347016	211.24188494682312
Baseline_seed-42_size-1000	35.640541057898204	179.3595736026764
Baseline_seed-69_size-100000	45.48156828773745	171.69501519203186
facebook/mbart-large-50-one-to-many-mmt	20.44965136330293	153.58913683891296
