model	bleu_score	elapsed_time
facebook/mbart-large-50-one-to-many-mmt	22.653354241180068	1476.331241607666
Baseline_seed-42_size-700000	22.127742927814314	1355.5958623886108
Baseline_seed-42_size-1000	21.841528034435814	1347.8629078865051
Baseline_seed-69_size-100000	22.530066933892535	1351.1535851955414
