model	bleu_score	elapsed_time
facebook/mbart-large-50-one-to-many-mmt	21.14472998940296	188.28971219062805
Baseline_seed-42_size-700000	19.016066807106785	158.3826699256897
Baseline_seed-42_size-1000	22.673086308056472	156.44797682762146
Baseline_seed-69_size-100000	21.670874936772197	155.14515829086304
