model	bleu_score	elapsed_time
facebook/mbart-large-50-one-to-many-mmt	22.40691887614885	1473.9334576129913
Baseline_seed-42_size-700000	22.543627983643027	1349.918042421341
Baseline_seed-42_size-1000	22.195692941663015	1339.1681172847748
Baseline_seed-69_size-100000	22.535045412302573	1324.18989944458
